<ImportExportXml version="9.2.23061.194" SolutionPackageVersion="9.2" languagecode="1033" generatedBy="CrmLive" xmlns:xsi="http://www.w3.org/2001/XMLSchema-instance">
  <SolutionManifest>
    <UniqueName>DemoSolution</UniqueName>
    <LocalizedNames>
      <LocalizedName description="DemoSolution" languagecode="1033" />
    </LocalizedNames>
    <Descriptions />
    <Version>1.0.0.1</Version>
    <Managed>0</Managed>
    <Publisher>
      <UniqueName>Cr7a0af</UniqueName>
      <LocalizedNames>
        <LocalizedName description="CDS Default Publisher" languagecode="1033" />
      </LocalizedNames>
      <Descriptions />
      <EMailAddress xsi:nil="true"></EMailAddress>
      <SupportingWebsiteUrl xsi:nil="true"></SupportingWebsiteUrl>
      <CustomizationPrefix>cr0f7</CustomizationPrefix>
      <CustomizationOptionValuePrefix>15659</CustomizationOptionValuePrefix>
      <Addresses>
        <Address>
          <AddressNumber>1</AddressNumber>
          <AddressTypeCode xsi:nil="true"></AddressTypeCode>
          <City xsi:nil="true"></City>
          <County xsi:nil="true"></County>
          <Country xsi:nil="true"></Country>
          <Fax xsi:nil="true"></Fax>
          <FreightTermsCode xsi:nil="true"></FreightTermsCode>
          <ImportSequenceNumber xsi:nil="true"></ImportSequenceNumber>
          <Latitude xsi:nil="true"></Latitude>
          <Line1 xsi:nil="true"></Line1>
          <Line2 xsi:nil="true"></Line2>
          <Line3 xsi:nil="true"></Line3>
          <Longitude xsi:nil="true"></Longitude>
          <Name xsi:nil="true"></Name>
          <PostalCode xsi:nil="true"></PostalCode>
          <PostOfficeBox xsi:nil="true"></PostOfficeBox>
          <PrimaryContactName xsi:nil="true"></PrimaryContactName>
          <ShippingMethodCode xsi:nil="true"></ShippingMethodCode>
          <StateOrProvince xsi:nil="true"></StateOrProvince>
          <Telephone1 xsi:nil="true"></Telephone1>
          <Telephone2 xsi:nil="true"></Telephone2>
          <Telephone3 xsi:nil="true"></Telephone3>
          <TimeZoneRuleVersionNumber xsi:nil="true"></TimeZoneRuleVersionNumber>
          <UPSZone xsi:nil="true"></UPSZone>
          <UTCOffset xsi:nil="true"></UTCOffset>
          <UTCConversionTimeZoneCode xsi:nil="true"></UTCConversionTimeZoneCode>
        </Address>
        <Address>
          <AddressNumber>2</AddressNumber>
          <AddressTypeCode xsi:nil="true"></AddressTypeCode>
          <City xsi:nil="true"></City>
          <County xsi:nil="true"></County>
          <Country xsi:nil="true"></Country>
          <Fax xsi:nil="true"></Fax>
          <FreightTermsCode xsi:nil="true"></FreightTermsCode>
          <ImportSequenceNumber xsi:nil="true"></ImportSequenceNumber>
          <Latitude xsi:nil="true"></Latitude>
          <Line1 xsi:nil="true"></Line1>
          <Line2 xsi:nil="true"></Line2>
          <Line3 xsi:nil="true"></Line3>
          <Longitude xsi:nil="true"></Longitude>
          <Name xsi:nil="true"></Name>
          <PostalCode xsi:nil="true"></PostalCode>
          <PostOfficeBox xsi:nil="true"></PostOfficeBox>
          <PrimaryContactName xsi:nil="true"></PrimaryContactName>
          <ShippingMethodCode xsi:nil="true"></ShippingMethodCode>
          <StateOrProvince xsi:nil="true"></StateOrProvince>
          <Telephone1 xsi:nil="true"></Telephone1>
          <Telephone2 xsi:nil="true"></Telephone2>
          <Telephone3 xsi:nil="true"></Telephone3>
          <TimeZoneRuleVersionNumber xsi:nil="true"></TimeZoneRuleVersionNumber>
          <UPSZone xsi:nil="true"></UPSZone>
          <UTCOffset xsi:nil="true"></UTCOffset>
          <UTCConversionTimeZoneCode xsi:nil="true"></UTCConversionTimeZoneCode>
        </Address>
      </Addresses>
    </Publisher>
    <RootComponents>
      <RootComponent type="29" id="{27923154-7620-ee11-9cbd-000d3a19a471}" behavior="0" />
      <RootComponent type="29" id="{3b52ed41-2096-4d4b-9868-03d29ce6e46e}" behavior="0" />
      <RootComponent type="29" id="{5a9ae26a-4f1f-ee11-9cbd-000d3a19a471}" behavior="0" />
      <RootComponent type="29" id="{64fedd80-7e20-ee11-9cbd-000d3a19a471}" behavior="0" />
      <RootComponent type="29" id="{c7be204d-28ee-4418-92e2-077bf14c1976}" behavior="0" />
      <RootComponent type="29" id="{f4a072bb-2519-448e-a67d-33ad571d1ccd}" behavior="0" />
      <RootComponent type="29" id="{f5650a6d-8120-ee11-9cbd-000d3a19a471}" behavior="0" />
      <RootComponent type="401" id="{9473501a-fdd3-4a81-bd54-9ae87b1d8ebc}" behavior="0" />
    </RootComponents>
    <MissingDependencies>
      <MissingDependency>
        <Required type="connectionreference" displayName="new_sharedcommondataserviceforapps_34fd3" solution="Active" id.connectionreferencelogicalname="new_sharedcommondataserviceforapps_34fd3" />
        <Dependent type="29" displayName="Email Processing with AI" id="{64fedd80-7e20-ee11-9cbd-000d3a19a471}" />
      </MissingDependency>
      <MissingDependency>
        <Required type="connectionreference" displayName="new_sharedcommondataserviceforapps_34fd3" solution="Active" id.connectionreferencelogicalname="new_sharedcommondataserviceforapps_34fd3" />
        <Dependent type="29" displayName="Email Processing with AI-msg on teams" id="{f5650a6d-8120-ee11-9cbd-000d3a19a471}" />
      </MissingDependency>
      <MissingDependency>
        <Required type="connectionreference" displayName="new_sharedoffice365_e54da" solution="Active" id.connectionreferencelogicalname="new_sharedoffice365_e54da" />
        <Dependent type="29" displayName="Email Processing" id="{27923154-7620-ee11-9cbd-000d3a19a471}" />
      </MissingDependency>
      <MissingDependency>
        <Required type="connectionreference" displayName="new_sharedoffice365_e54da" solution="Active" id.connectionreferencelogicalname="new_sharedoffice365_e54da" />
        <Dependent type="29" displayName="Manual Trigger Desktop flow" id="{5a9ae26a-4f1f-ee11-9cbd-000d3a19a471}" />
      </MissingDependency>
      <MissingDependency>
        <Required type="connectionreference" displayName="new_sharedoffice365_e54da" solution="Active" id.connectionreferencelogicalname="new_sharedoffice365_e54da" />
        <Dependent type="29" displayName="Email Processing with AI" id="{64fedd80-7e20-ee11-9cbd-000d3a19a471}" />
      </MissingDependency>
      <MissingDependency>
        <Required type="connectionreference" displayName="new_sharedoffice365_e54da" solution="Active" id.connectionreferencelogicalname="new_sharedoffice365_e54da" />
        <Dependent type="29" displayName="Email Processing with AI-msg on teams" id="{f5650a6d-8120-ee11-9cbd-000d3a19a471}" />
      </MissingDependency>
    </MissingDependencies>
  </SolutionManifest>
</ImportExportXml>