{
  "properties": {
    "connectionReferences": {
      "shared_commondataserviceforapps": {
        "runtimeSource": "embedded",
        "connection": {
          "connectionReferenceLogicalName": "new_sharedcommondataserviceforapps_34fd3"
        },
        "api": {
          "name": "shared_commondataserviceforapps"
        }
      },
      "shared_teams": {
        "runtimeSource": "embedded",
        "connection": {
          "connectionReferenceLogicalName": "cr0f7_sharedteams_6bf80"
        },
        "api": {
          "name": "shared_teams"
        }
      },
      "shared_uiflow": {
        "runtimeSource": "embedded",
        "connection": {
          "connectionReferenceLogicalName": "cr0f7_shareduiflow_7b0ed"
        },
        "api": {
          "name": "shared_uiflow"
        }
      },
      "shared_office365": {
        "runtimeSource": "embedded",
        "connection": {
          "connectionReferenceLogicalName": "new_sharedoffice365_e54da"
        },
        "api": {
          "name": "shared_office365"
        }
      }
    },
    "definition": {
      "$schema": "https://schema.management.azure.com/providers/Microsoft.Logic/schemas/2016-06-01/workflowdefinition.json#",
      "contentVersion": "1.0.0.0",
      "parameters": {
        "$connections": {
          "defaultValue": {},
          "type": "Object"
        },
        "$authentication": {
          "defaultValue": {},
          "type": "SecureObject"
        }
      },
      "triggers": {
        "When_a_new_email_arrives_(V3)": {
          "splitOn": "@triggerOutputs()?['body/value']",
          "metadata": {
            "operationMetadataId": "01ca2bbe-c1f4-4ae7-9220-a2d2ae378e3a"
          },
          "type": "OpenApiConnectionNotification",
          "inputs": {
            "host": {
              "connectionName": "shared_office365",
              "operationId": "OnNewEmailV3",
              "apiId": "/providers/Microsoft.PowerApps/apis/shared_office365"
            },
            "parameters": {
              "folderPath": "Inbox",
              "includeAttachments": true,
              "subjectFilter": "new invoice",
              "importance": "Any",
              "fetchOnlyWithAttachment": true
            },
            "authentication": "@parameters('$authentication')"
          }
        }
      },
      "actions": {
        "Apply_to_each": {
          "foreach": "@triggerOutputs()?['body/attachments']",
          "actions": {
            "Extract_information_from_documents": {
              "runAfter": {},
              "metadata": {
                "operationMetadataId": "20d61036-419c-4e1b-8b34-2e26c826729f",
                "flowSystemMetadata": {
                  "portalOperationId": "aibuilderpredict_formsprocessing",
                  "portalOperationGroup": "aibuilder",
                  "portalOperationApiDisplayNameOverride": "AI Builder",
                  "portalOperationIconOverride": "https://content.powerapps.com/resource/makerx/static/pauto/images/designeroperations/aiBuilderNew.51dbdb6b.png",
                  "portalOperationBrandColorOverride": "#0A76C4",
                  "portalOperationApiTierOverride": "Standard"
                }
              },
              "type": "OpenApiConnection",
              "inputs": {
                "host": {
                  "connectionName": "shared_commondataserviceforapps",
                  "operationId": "aibuilderpredict_formsprocessing",
                  "apiId": "/providers/Microsoft.PowerApps/apis/shared_commondataserviceforapps"
                },
                "parameters": {
                  "recordId": "9473501a-fdd3-4a81-bd54-9ae87b1d8ebc",
                  "item/requestv2/mimeType": "image/jpeg",
                  "item/requestv2/base64Encoded": "@items('Apply_to_each')?['contentBytes']"
                },
                "authentication": "@parameters('$authentication')"
              }
            },
            "Post_a_choice_of_options_as_the_Flow_bot_to_a_user": {
              "runAfter": {
                "Extract_information_from_documents": [
                  "Succeeded"
                ]
              },
              "metadata": {
                "operationMetadataId": "41b8bad6-828d-47f4-a0d2-a73decb5b769"
              },
              "type": "OpenApiConnectionWebhook",
              "inputs": {
                "host": {
                  "connectionName": "shared_teams",
                  "operationId": "SubscribeUserMessageWithOptions",
                  "apiId": "/providers/Microsoft.PowerApps/apis/shared_teams"
                },
                "parameters": {
                  "UserMessageWithOptionsSubscriptionRequest/body/options": [
                    "Yes",
                    "No"
                  ],
                  "UserMessageWithOptionsSubscriptionRequest/body/recipient/to": "PVAadminUser@PowerAppsIAD.onmicrosoft.com;",
                  "UserMessageWithOptionsSubscriptionRequest/body/messageBody": "We've recieved an invoice in the amount of @{outputs('Extract_information_from_documents')?['body/responsev2/predictionOutput/labels/Total/value']}, on the date @{outputs('Extract_information_from_documents')?['body/responsev2/predictionOutput/labels/Date/value']}. The contact person is @{outputs('Extract_information_from_documents')?['body/responsev2/predictionOutput/labels/Contact/value']}. Would you like to approve this?",
                  "UserMessageWithOptionsSubscriptionRequest/body/messageTitle": "Please approve/reject this invoice."
                },
                "authentication": "@parameters('$authentication')"
              }
            },
            "Condition": {
              "actions": {
                "Run_a_flow_built_with_Power_Automate_for_desktop": {
                  "runAfter": {},
                  "metadata": {
                    "operationMetadataId": "3e293519-6449-48c1-a909-43724543f3cb"
                  },
                  "type": "OpenApiConnection",
                  "inputs": {
                    "host": {
                      "connectionName": "shared_uiflow",
                      "operationId": "RunUIFlow_V2",
                      "apiId": "/providers/Microsoft.PowerApps/apis/shared_uiflow"
                    },
                    "parameters": {
                      "uiFlowId": "3b52ed41-2096-4d4b-9868-03d29ce6e46e",
                      "runMode": "attended",
                      "item/Amount": "@outputs('Extract_information_from_documents')?['body/responsev2/predictionOutput/labels/Total/value']",
                      "item/Contact": "@outputs('Extract_information_from_documents')?['body/responsev2/predictionOutput/labels/Contact/value']",
                      "item/Account": "@outputs('Extract_information_from_documents')?['body/responsev2/predictionOutput/labels/Bill_0029ec7811889396dc7d77dce8d8fb3ec23/value']"
                    },
                    "authentication": "@parameters('$authentication')"
                  }
                },
                "Reply_to_email_(V3)_2": {
                  "runAfter": {
                    "Run_a_flow_built_with_Power_Automate_for_desktop": [
                      "Succeeded"
                    ]
                  },
                  "metadata": {
                    "operationMetadataId": "a628c14b-8121-4277-b093-9310310ce3ea"
                  },
                  "type": "OpenApiConnection",
                  "inputs": {
                    "host": {
                      "connectionName": "shared_office365",
                      "operationId": "ReplyToV3",
                      "apiId": "/providers/Microsoft.PowerApps/apis/shared_office365"
                    },
                    "parameters": {
                      "messageId": "@triggerOutputs()?['body/id']",
                      "replyParameters/Body": "<p>Your invoice is approved. Here is the Invoice ID: @{outputs('Run_a_flow_built_with_Power_Automate_for_desktop')?['body/InvoiceID']}</p>",
                      "replyParameters/Subject": "Invoice Approved"
                    },
                    "authentication": "@parameters('$authentication')"
                  }
                }
              },
              "runAfter": {
                "Post_a_choice_of_options_as_the_Flow_bot_to_a_user": [
                  "Succeeded"
                ]
              },
              "else": {
                "actions": {
                  "Reply_to_email_(V3)": {
                    "runAfter": {},
                    "metadata": {
                      "operationMetadataId": "9da779b4-3766-491d-a642-110f43ebd3fd"
                    },
                    "type": "OpenApiConnection",
                    "inputs": {
                      "host": {
                        "connectionName": "shared_office365",
                        "operationId": "ReplyToV3",
                        "apiId": "/providers/Microsoft.PowerApps/apis/shared_office365"
                      },
                      "parameters": {
                        "messageId": "@triggerOutputs()?['body/id']",
                        "replyParameters/Body": "<p>Your invoice of amount @{outputs('Extract_information_from_documents')?['body/responsev2/predictionOutput/labels/Total/value']} was rejected.</p>",
                        "replyParameters/Subject": "Your invoic is rejected."
                      },
                      "authentication": "@parameters('$authentication')"
                    }
                  }
                }
              },
              "expression": {
                "equals": [
                  "@outputs('Post_a_choice_of_options_as_the_Flow_bot_to_a_user')?['body/selectedOption']",
                  "Yes"
                ]
              },
              "metadata": {
                "operationMetadataId": "da855c22-cb65-4949-8556-38de9ded3f6c"
              },
              "type": "If"
            }
          },
          "runAfter": {},
          "metadata": {
            "operationMetadataId": "2c69e381-5aec-4f2f-ae0d-cc565866f980"
          },
          "type": "Foreach"
        }
      }
    },
    "templateName": ""
  },
  "schemaVersion": "1.0.0.0"
}