{
  "properties": {
    "connectionReferences": {
      "shared_office365": {
        "runtimeSource": "embedded",
        "connection": {
          "connectionReferenceLogicalName": "new_sharedoffice365_e54da"
        },
        "api": {
          "name": "shared_office365"
        }
      },
      "shared_commondataserviceforapps": {
        "runtimeSource": "embedded",
        "connection": {
          "connectionReferenceLogicalName": "new_sharedcommondataserviceforapps_34fd3"
        },
        "api": {
          "name": "shared_commondataserviceforapps"
        }
      },
      "shared_uiflow": {
        "runtimeSource": "embedded",
        "connection": {
          "connectionReferenceLogicalName": "cr0f7_shareduiflow_7b0ed"
        },
        "api": {
          "name": "shared_uiflow"
        }
      }
    },
    "definition": {
      "$schema": "https://schema.management.azure.com/providers/Microsoft.Logic/schemas/2016-06-01/workflowdefinition.json#",
      "contentVersion": "1.0.0.0",
      "parameters": {
        "$connections": {
          "defaultValue": {},
          "type": "Object"
        },
        "$authentication": {
          "defaultValue": {},
          "type": "SecureObject"
        }
      },
      "triggers": {
        "When_a_new_email_arrives_(V3)": {
          "splitOn": "@triggerOutputs()?['body/value']",
          "metadata": {
            "operationMetadataId": "01ca2bbe-c1f4-4ae7-9220-a2d2ae378e3a"
          },
          "type": "OpenApiConnectionNotification",
          "inputs": {
            "host": {
              "connectionName": "shared_office365",
              "operationId": "OnNewEmailV3",
              "apiId": "/providers/Microsoft.PowerApps/apis/shared_office365"
            },
            "parameters": {
              "folderPath": "Inbox",
              "includeAttachments": true,
              "subjectFilter": "new invoice",
              "importance": "Any",
              "fetchOnlyWithAttachment": true
            },
            "authentication": "@parameters('$authentication')"
          }
        }
      },
      "actions": {
        "Apply_to_each": {
          "foreach": "@triggerOutputs()?['body/attachments']",
          "actions": {
            "Extract_information_from_documents": {
              "runAfter": {},
              "metadata": {
                "operationMetadataId": "20d61036-419c-4e1b-8b34-2e26c826729f"
              },
              "type": "OpenApiConnection",
              "inputs": {
                "host": {
                  "connectionName": "shared_commondataserviceforapps",
                  "operationId": "aibuilderpredict_formsprocessing",
                  "apiId": "/providers/Microsoft.PowerApps/apis/shared_commondataserviceforapps"
                },
                "parameters": {
                  "recordId": "9473501a-fdd3-4a81-bd54-9ae87b1d8ebc",
                  "item/requestv2/mimeType": "image/jpeg",
                  "item/requestv2/base64Encoded": "@items('Apply_to_each')?['contentBytes']"
                },
                "authentication": "@parameters('$authentication')"
              }
            },
            "Send_an_email_(V2)": {
              "runAfter": {
                "Extract_information_from_documents": [
                  "Succeeded"
                ]
              },
              "metadata": {
                "operationMetadataId": "2852a8dd-d2c6-45b7-b067-4a36c295c2a1"
              },
              "type": "OpenApiConnection",
              "inputs": {
                "host": {
                  "connectionName": "shared_office365",
                  "operationId": "SendEmailV2",
                  "apiId": "/providers/Microsoft.PowerApps/apis/shared_office365"
                },
                "parameters": {
                  "emailMessage/To": "@triggerOutputs()?['body/from']",
                  "emailMessage/Subject": "Thanks for Sending invoice",
                  "emailMessage/Body": "<p>We received an invoice with the details below:<br>\n<br>\nTotal: @{outputs('Extract_information_from_documents')?['body/responsev2/predictionOutput/labels/Total/value']}<br>\nDate: @{outputs('Extract_information_from_documents')?['body/responsev2/predictionOutput/labels/Date/value']}<br>\nContact: @{outputs('Extract_information_from_documents')?['body/responsev2/predictionOutput/labels/Contact/value']}<br>\nBill to: @{outputs('Extract_information_from_documents')?['body/responsev2/predictionOutput/labels/Bill_0029ec7811889396dc7d77dce8d8fb3ec23/value']}<br>\n<br>\nWe will process and get back to you shortly.</p>",
                  "emailMessage/Importance": "Normal"
                },
                "authentication": "@parameters('$authentication')"
              }
            },
            "Run_a_flow_built_with_Power_Automate_for_desktop_2": {
              "runAfter": {
                "Send_an_email_(V2)": [
                  "Succeeded"
                ]
              },
              "metadata": {
                "operationMetadataId": "3e293519-6449-48c1-a909-43724543f3cb"
              },
              "type": "OpenApiConnection",
              "inputs": {
                "host": {
                  "connectionName": "shared_uiflow",
                  "operationId": "RunUIFlow_V2",
                  "apiId": "/providers/Microsoft.PowerApps/apis/shared_uiflow"
                },
                "parameters": {
                  "uiFlowId": "3b52ed41-2096-4d4b-9868-03d29ce6e46e",
                  "runMode": "attended",
                  "item/Amount": "@outputs('Extract_information_from_documents')?['body/responsev2/predictionOutput/labels/Total/value']",
                  "item/Contact": "@outputs('Extract_information_from_documents')?['body/responsev2/predictionOutput/labels/Contact/value']",
                  "item/Account": "@outputs('Extract_information_from_documents')?['body/responsev2/predictionOutput/labels/Bill_0029ec7811889396dc7d77dce8d8fb3ec23/value']"
                },
                "authentication": "@parameters('$authentication')"
              }
            },
            "Send_an_email_(V2)_2": {
              "runAfter": {
                "Run_a_flow_built_with_Power_Automate_for_desktop_2": [
                  "Succeeded"
                ]
              },
              "metadata": {
                "operationMetadataId": "9bd808e5-e6df-4a5b-ad4f-38004d9cbf8c"
              },
              "type": "OpenApiConnection",
              "inputs": {
                "host": {
                  "connectionName": "shared_office365",
                  "operationId": "SendEmailV2",
                  "apiId": "/providers/Microsoft.PowerApps/apis/shared_office365"
                },
                "parameters": {
                  "emailMessage/To": "@triggerOutputs()?['body/from']",
                  "emailMessage/Subject": "Invoice ID Generated: @{outputs('Run_a_flow_built_with_Power_Automate_for_desktop_2')?['body/InvoiceID']}",
                  "emailMessage/Body": "<p>Your Invoice IS has been generated successfully.<br>\n<br>\nId: @{outputs('Run_a_flow_built_with_Power_Automate_for_desktop_2')?['body/InvoiceID']}</p>",
                  "emailMessage/Importance": "Normal"
                },
                "authentication": "@parameters('$authentication')"
              }
            }
          },
          "runAfter": {},
          "metadata": {
            "operationMetadataId": "2c69e381-5aec-4f2f-ae0d-cc565866f980"
          },
          "type": "Foreach"
        }
      }
    },
    "templateName": ""
  },
  "schemaVersion": "1.0.0.0"
}